-- Base template data imported from dump

ALTER TABLE subject ALTER COLUMN abbreviation TYPE VARCHAR(100);

-- SUBJECT
INSERT INTO subject (id, abbreviation, name) VALUES (1, 'Укр.мова', 'Українська Мова'),
(2, 'Укр.Літ', 'Українська Література'),
(3, 'Англ.мова', 'Іноземна мова'),
(4, 'Фіз.культура', 'Фізичне виховання'),
(5, 'Хім', 'Хімія'),
(6, 'Біол', 'Біологія'),
(7, 'Зах.укр', 'Захист України'),
(8, 'Інформ', 'Інформатика'),
(9, 'Зар.літ', 'Зарубіжна література'),
(10, 'Мат', 'Математика'),
(11, 'Фіз', 'Фізика'),
(12, 'Істр.Укр', 'Історія України'),
(13, 'Гром.осв', 'Громадянська освіта'),
(14, 'Всес.Іст', 'Всесвітня історія'),
(15, 'ВМ', 'Вища математика'),
(16, 'Прог', 'Програмування') ON CONFLICT (id) DO UPDATE SET abbreviation=EXCLUDED.abbreviation, name=EXCLUDED.name;

-- ROOM
INSERT INTO room (id, building, capacity, equipment, name, type) VALUES (1, '5 - поверх', 30, '', '500', 'GENERAL_CLASSROOM'),
(2, '5 - поверх', 30, '', '501', 'GENERAL_CLASSROOM'),
(3, '4 - поверх', 30, '', '403', 'GENERAL_CLASSROOM'),
(4, '5 - поверх', 30, '', '507', 'GENERAL_CLASSROOM'),
(5, '1 - поверх', 30, '', '48', 'GENERAL_CLASSROOM'),
(6, '3 - поверх', 30, '', '310', 'GENERAL_CLASSROOM'),
(7, '3 - поверх', 30, '', '311', 'GENERAL_CLASSROOM'),
(8, '1 - поверх', 30, '', '9', 'GENERAL_CLASSROOM'),
(9, '1 - поверх', 30, '', '26', 'GENERAL_CLASSROOM'),
(10, '1 - поверх', 30, '', '53', 'GENERAL_CLASSROOM'),
(11, '1 - поверх', 30, '', '52', 'GENERAL_CLASSROOM'),
(12, '2 - поверх', 30, '', '27', 'GENERAL_CLASSROOM'),
(13, '5 - поверх', 30, '', '503', 'GENERAL_CLASSROOM'),
(14, '1 - поверх', 30, '', '2', 'GENERAL_CLASSROOM'),
(15, '5 - поверх', 30, '', '508', 'GENERAL_CLASSROOM'),
(16, '3 - поверх', 30, '', '309', 'GENERAL_CLASSROOM'),
(17, '2 - поверх', 30, '', '28', 'GENERAL_CLASSROOM'),
(18, '1 - поверх', 30, '', '3', 'GENERAL_CLASSROOM'),
(20, 'Спортивна зала', 30, '', 'С/З', 'SPORTS_HALL'),
(21, 'Головний', 30, 'Проектор', '101', 'LECTURE_HALL'),
(22, 'ІТ-корпус', 15, 'ПК', '205', 'COMPUTER_CLASS') ON CONFLICT (id) DO UPDATE SET building=EXCLUDED.building, capacity=EXCLUDED.capacity, equipment=EXCLUDED.equipment, name=EXCLUDED.name, type=EXCLUDED.type;

-- TEACHER
INSERT INTO teacher (id, department, full_name, max_working_days_per_week, position_type, specialization, weekly_hour_limit, assigned_room_id, archived_at, archived) VALUES (1, 'Укр', 'Груша.Л.М', 5, 'FULL_TIME', 'Українська Мова/Література', 20, 12, NULL, FALSE),
(2, 'Англ', ' Каурова Н.О', 5, 'FULL_TIME', 'Іноземна мова', 20, 6, NULL, FALSE),
(3, 'англ', 'П’ятниченко В.С.', 5, 'FULL_TIME', 'Іноземна мова', 20, NULL, NULL, FALSE),
(4, 'О', 'Юрченко О.М', 5, 'FULL_TIME', 'Захист України', 20, 5, NULL, FALSE),
(5, 'Біол', 'Семенова', 5, 'FULL_TIME', 'Біологія', 20, 17, NULL, FALSE),
(6, 'ІстУкр', 'Посухівська А', 5, 'FULL_TIME', 'ІстУкраїни', 20, NULL, NULL, FALSE),
(7, 'Хімія', 'Зелінська.С.В', 5, 'FULL_TIME', 'Хімія', 20, 8, NULL, FALSE),
(8, 'Інформатика', 'Алєксандрова', 5, 'FULL_TIME', 'Інформатика', 20, 4, NULL, FALSE),
(9, 'укр', 'Янцелевич', 5, 'FULL_TIME', 'Українська Мова/Література', 20, NULL, NULL, FALSE),
(10, 'фіз', 'Буздуган', 5, 'FULL_TIME', 'Фізичне виховання', 20, 20, NULL, FALSE),
(11, 'Мат', 'Моргун М.В.', 5, 'FULL_TIME', 'Математика', 20, NULL, NULL, FALSE),
(12, 'Фізика', 'Іванова.Г.С', 5, 'FULL_TIME', 'Фізика', 20, 10, NULL, FALSE),
(13, 'Фізика', 'Товстік.Ж.В', 5, 'FULL_TIME', 'Фізика', 20, 11, NULL, FALSE),
(14, 'Фізика', 'Козел.В.В', 5, 'FULL_TIME', 'Фізика', 20, NULL, NULL, FALSE),
(15, 'Фіз', 'Сауляк', 5, 'FULL_TIME', 'Фіз виховання', 20, 20, NULL, FALSE),
(16, 'Гром.Осв', 'Крищук К.І', 5, 'FULL_TIME', 'Громадянська освіта', 20, NULL, NULL, FALSE),
(17, 'Зар.літ', 'Головіна О.В', 5, 'FULL_TIME', 'Зарубіжна література', 20, 9, NULL, FALSE),
(18, 'Всес.Іст', 'Тулянкіна', 5, 'FULL_TIME', 'Всесвітня історія', 40, NULL, NULL, FALSE),
(19, 'англ', 'Поборознюк І.В.', 5, 'FULL_TIME', 'Іноземна мова', 40, NULL, NULL, FALSE),
(21, 'Кафедра ІТ', 'Іванов Іван Іванович', NULL, 'FULL_TIME', NULL, 36, NULL, NULL, FALSE),
(22, 'Кафедра Фізики', 'Петренко Петро Петрович', NULL, 'PART_TIME', NULL, 18, NULL, NULL, FALSE) ON CONFLICT (id) DO UPDATE SET department=EXCLUDED.department, full_name=EXCLUDED.full_name, max_working_days_per_week=EXCLUDED.max_working_days_per_week, position_type=EXCLUDED.position_type, specialization=EXCLUDED.specialization, weekly_hour_limit=EXCLUDED.weekly_hour_limit, assigned_room_id=EXCLUDED.assigned_room_id, archived_at=EXCLUDED.archived_at, archived=EXCLUDED.archived;

-- STUDENT_GROUP
INSERT INTO student_group (id, course, curator_id, department, name, size) VALUES (1, 1, 7, 'Тепловозно', 'ТЕ-11', 25),
(2, 1, NULL, 'Вагонне', 'ВГ+ЕП-11', 25),
(3, 1, NULL, 'Комп', 'АС+КІ-11', 25),
(4, 1, NULL, '11', 'УР-11', 25),
(5, 1, NULL, '123', 'МК-11', 25),
(6, 1, NULL, '23', 'БО+БС-11', 25),
(9, 1, 15, '123', 'МЛ-11', 25) ON CONFLICT (id) DO UPDATE SET course=EXCLUDED.course, curator_id=EXCLUDED.curator_id, department=EXCLUDED.department, name=EXCLUDED.name, size=EXCLUDED.size;

-- COURSE_PLAN
INSERT INTO course_plan (id, executed_hours, lab_hours, lab_periodicity, lab_sessions_per_week, lecture_hours, lecture_periodicity, lecture_sessions_per_week, practice_hours, practice_periodicity, practice_sessions_per_week, required_room_type, total_hours, group_id, subject_id, teacher_id, second_teacher_id) VALUES (19, 0, 0, 'WEEKLY', 0, 16, 'WEEKLY', 1, 16, 'WEEKLY', 1, 'GENERAL_CLASSROOM', 32, 1, 1, 1, NULL),
(20, 0, 0, 'WEEKLY', 0, 16, 'WEEKLY', 1, 16, 'WEEKLY', 1, 'GENERAL_CLASSROOM', 32, 1, 2, 1, NULL),
(23, 0, 0, 'WEEKLY', 0, 16, 'WEEKLY', 1, 16, 'WEEKLY', 1, 'GENERAL_CLASSROOM', 32, 1, 10, 11, NULL),
(24, 0, 0, 'WEEKLY', 0, 16, 'WEEKLY', 1, 16, 'WEEKLY', 1, 'GENERAL_CLASSROOM', 32, 1, 6, 5, NULL),
(25, 0, 0, 'WEEKLY', 0, 16, 'WEEKLY', 1, 16, 'WEEKLY', 1, 'GENERAL_CLASSROOM', 32, 1, 11, 12, NULL),
(26, 0, 0, 'WEEKLY', 0, 16, 'WEEKLY', 1, 16, 'WEEKLY', 1, 'GENERAL_CLASSROOM', 32, 1, 5, 7, NULL),
(28, 0, 0, 'WEEKLY', 0, 0, 'WEEKLY', 0, 32, 'WEEKLY', 1, 'GENERAL_CLASSROOM', 32, 1, 4, 10, NULL),
(29, 0, 0, 'WEEKLY', 0, 16, 'WEEKLY', 1, 16, 'WEEKLY', 1, 'GENERAL_CLASSROOM', 32, 1, 12, 6, NULL),
(31, 0, 0, 'WEEKLY', 0, 8, 'WEEKLY', 1, 8, 'WEEKLY', 1, 'GENERAL_CLASSROOM', 16, 1, 13, 16, NULL),
(32, 0, 0, 'WEEKLY', 0, 16, 'WEEKLY', 1, 16, 'WEEKLY', 1, 'GENERAL_CLASSROOM', 32, 1, 14, 18, NULL),
(33, 0, 0, 'WEEKLY', 0, 16, 'WEEKLY', 1, 16, 'WEEKLY', 1, 'GENERAL_CLASSROOM', 32, 1, 3, 2, NULL),
(34, 0, 0, 'WEEKLY', 0, 16, 'WEEKLY', 1, 16, 'WEEKLY', 1, 'GENERAL_CLASSROOM', 32, 2, 1, 17, NULL),
(35, 0, 0, 'WEEKLY', 0, 16, 'WEEKLY', 1, 16, 'WEEKLY', 1, 'GENERAL_CLASSROOM', 32, 2, 2, 17, NULL),
(36, 0, 0, 'WEEKLY', 0, 0, 'WEEKLY', 0, 32, 'WEEKLY', 1, 'GENERAL_CLASSROOM', 32, 2, 4, 15, NULL),
(37, 0, 0, 'WEEKLY', 0, 8, 'WEEKLY', 1, 8, 'WEEKLY', 1, 'GENERAL_CLASSROOM', 16, 2, 7, 4, NULL),
(40, 0, 0, 'WEEKLY', 0, 16, 'WEEKLY', 1, 16, 'WEEKLY', 1, 'GENERAL_CLASSROOM', 32, 2, 11, 13, NULL),
(46, 0, 0, 'WEEKLY', 0, 16, 'WEEKLY', 1, 16, 'WEEKLY', 1, 'GENERAL_CLASSROOM', 32, 2, 6, 5, NULL),
(47, 0, 0, 'WEEKLY', 0, 16, 'WEEKLY', 1, 16, 'WEEKLY', 1, 'GENERAL_CLASSROOM', 32, 2, 8, 8, NULL),
(48, 0, 0, 'WEEKLY', 0, 16, 'WEEKLY', 1, 16, 'WEEKLY', 1, 'GENERAL_CLASSROOM', 32, 2, 14, 18, NULL),
(49, 0, 0, 'WEEKLY', 0, 16, 'WEEKLY', 1, 16, 'WEEKLY', 1, 'GENERAL_CLASSROOM', 32, 2, 12, 6, NULL),
(50, 0, 0, 'WEEKLY', 0, 16, 'WEEKLY', 1, 16, 'WEEKLY', 1, 'GENERAL_CLASSROOM', 32, 1, 8, 8, NULL),
(51, 0, 0, 'WEEKLY', 0, 8, 'WEEKLY', 1, 8, 'WEEKLY', 1, 'GENERAL_CLASSROOM', 16, 2, 13, 16, NULL),
(52, 0, 0, 'WEEKLY', 0, 16, 'WEEKLY', 1, 16, 'WEEKLY', 1, 'GENERAL_CLASSROOM', 32, 2, 10, 11, NULL),
(54, 0, 0, 'WEEKLY', 0, 8, 'WEEKLY', 1, 8, 'WEEKLY', 1, 'GENERAL_CLASSROOM', 16, 1, 7, 4, NULL),
(56, 0, 0, 'WEEKLY', 0, 16, 'WEEKLY', 1, 16, 'WEEKLY', 1, 'GENERAL_CLASSROOM', 32, 2, 5, 7, NULL),
(58, 0, 0, 'WEEKLY', 0, 16, 'WEEKLY', 1, 16, 'WEEKLY', 1, 'GENERAL_CLASSROOM', 32, 2, 3, 3, 19),
(61, 0, 0, 'WEEKLY', 0, 16, 'WEEKLY', 1, 16, 'WEEKLY', 1, 'GENERAL_CLASSROOM', 32, 3, 1, 17, NULL),
(62, 0, 0, 'WEEKLY', 0, 16, 'WEEKLY', 1, 16, 'WEEKLY', 1, 'GENERAL_CLASSROOM', 32, 3, 2, 17, NULL),
(63, 0, 0, 'WEEKLY', 0, 0, 'WEEKLY', 0, 32, 'WEEKLY', 1, 'GENERAL_CLASSROOM', 32, 3, 4, 15, NULL),
(64, 0, 0, 'WEEKLY', 0, 8, 'WEEKLY', 1, 8, 'WEEKLY', 1, 'GENERAL_CLASSROOM', 16, 3, 7, 4, NULL),
(65, 0, 0, 'WEEKLY', 0, 16, 'WEEKLY', 1, 16, 'WEEKLY', 1, 'GENERAL_CLASSROOM', 32, 3, 11, 13, NULL),
(66, 0, 0, 'WEEKLY', 0, 16, 'WEEKLY', 1, 16, 'WEEKLY', 1, 'GENERAL_CLASSROOM', 32, 3, 6, 5, NULL),
(67, 0, 0, 'WEEKLY', 0, 16, 'WEEKLY', 1, 16, 'WEEKLY', 1, 'GENERAL_CLASSROOM', 32, 3, 8, 8, NULL),
(68, 0, 0, 'WEEKLY', 0, 16, 'WEEKLY', 1, 16, 'WEEKLY', 1, 'GENERAL_CLASSROOM', 32, 3, 14, 18, NULL),
(69, 0, 0, 'WEEKLY', 0, 16, 'WEEKLY', 1, 16, 'WEEKLY', 1, 'GENERAL_CLASSROOM', 32, 3, 12, 6, NULL),
(70, 0, 0, 'WEEKLY', 0, 8, 'WEEKLY', 1, 8, 'WEEKLY', 1, 'GENERAL_CLASSROOM', 16, 3, 13, 16, NULL),
(71, 0, 0, 'WEEKLY', 0, 16, 'WEEKLY', 1, 16, 'WEEKLY', 1, 'GENERAL_CLASSROOM', 32, 3, 10, 11, NULL),
(72, 0, 0, 'WEEKLY', 0, 16, 'WEEKLY', 1, 16, 'WEEKLY', 1, 'GENERAL_CLASSROOM', 32, 3, 5, 7, NULL),
(73, 0, 0, 'WEEKLY', 0, 16, 'WEEKLY', 1, 16, 'WEEKLY', 1, 'GENERAL_CLASSROOM', 32, 3, 3, 3, 19),
(74, 0, 0, 'WEEKLY', 0, 16, 'WEEKLY', 1, 16, 'WEEKLY', 1, 'GENERAL_CLASSROOM', 32, 4, 1, 17, NULL),
(75, 0, 0, 'WEEKLY', 0, 16, 'WEEKLY', 1, 16, 'WEEKLY', 1, 'GENERAL_CLASSROOM', 32, 4, 2, 17, NULL) ON CONFLICT (id) DO UPDATE SET executed_hours=EXCLUDED.executed_hours, lab_hours=EXCLUDED.lab_hours, lab_periodicity=EXCLUDED.lab_periodicity, lab_sessions_per_week=EXCLUDED.lab_sessions_per_week, lecture_hours=EXCLUDED.lecture_hours, lecture_periodicity=EXCLUDED.lecture_periodicity, lecture_sessions_per_week=EXCLUDED.lecture_sessions_per_week, practice_hours=EXCLUDED.practice_hours, practice_periodicity=EXCLUDED.practice_periodicity, practice_sessions_per_week=EXCLUDED.practice_sessions_per_week, required_room_type=EXCLUDED.required_room_type, total_hours=EXCLUDED.total_hours, group_id=EXCLUDED.group_id, subject_id=EXCLUDED.subject_id, teacher_id=EXCLUDED.teacher_id, second_teacher_id=EXCLUDED.second_teacher_id;
INSERT INTO course_plan (id, executed_hours, lab_hours, lab_periodicity, lab_sessions_per_week, lecture_hours, lecture_periodicity, lecture_sessions_per_week, practice_hours, practice_periodicity, practice_sessions_per_week, required_room_type, total_hours, group_id, subject_id, teacher_id, second_teacher_id) VALUES (76, 0, 0, 'WEEKLY', 0, 0, 'WEEKLY', 0, 32, 'WEEKLY', 1, 'GENERAL_CLASSROOM', 32, 4, 4, 15, NULL),
(77, 0, 0, 'WEEKLY', 0, 8, 'WEEKLY', 1, 8, 'WEEKLY', 1, 'GENERAL_CLASSROOM', 16, 4, 7, 4, NULL),
(78, 0, 0, 'WEEKLY', 0, 16, 'WEEKLY', 1, 16, 'WEEKLY', 1, 'GENERAL_CLASSROOM', 32, 4, 11, 13, NULL),
(79, 0, 0, 'WEEKLY', 0, 16, 'WEEKLY', 1, 16, 'WEEKLY', 1, 'GENERAL_CLASSROOM', 32, 4, 6, 5, NULL),
(80, 0, 0, 'WEEKLY', 0, 16, 'WEEKLY', 1, 16, 'WEEKLY', 1, 'GENERAL_CLASSROOM', 32, 4, 8, 8, NULL),
(81, 0, 0, 'WEEKLY', 0, 16, 'WEEKLY', 1, 16, 'WEEKLY', 1, 'GENERAL_CLASSROOM', 32, 4, 14, 18, NULL),
(82, 0, 0, 'WEEKLY', 0, 16, 'WEEKLY', 1, 16, 'WEEKLY', 1, 'GENERAL_CLASSROOM', 32, 4, 12, 6, NULL),
(83, 0, 0, 'WEEKLY', 0, 8, 'WEEKLY', 1, 8, 'WEEKLY', 1, 'GENERAL_CLASSROOM', 16, 4, 13, 16, NULL),
(84, 0, 0, 'WEEKLY', 0, 16, 'WEEKLY', 1, 16, 'WEEKLY', 1, 'GENERAL_CLASSROOM', 32, 4, 10, 11, NULL),
(85, 0, 0, 'WEEKLY', 0, 16, 'WEEKLY', 1, 16, 'WEEKLY', 1, 'GENERAL_CLASSROOM', 32, 4, 5, 7, NULL),
(86, 0, 0, 'WEEKLY', 0, 16, 'WEEKLY', 1, 16, 'WEEKLY', 1, 'GENERAL_CLASSROOM', 32, 4, 3, 3, 19),
(87, 0, 0, 'WEEKLY', 0, 16, 'WEEKLY', 1, 16, 'WEEKLY', 1, 'GENERAL_CLASSROOM', 32, 5, 1, 17, NULL),
(88, 0, 0, 'WEEKLY', 0, 16, 'WEEKLY', 1, 16, 'WEEKLY', 1, 'GENERAL_CLASSROOM', 32, 5, 2, 17, NULL),
(89, 0, 0, 'WEEKLY', 0, 0, 'WEEKLY', 0, 32, 'WEEKLY', 1, 'GENERAL_CLASSROOM', 32, 5, 4, 15, NULL),
(90, 0, 0, 'WEEKLY', 0, 8, 'WEEKLY', 1, 8, 'WEEKLY', 1, 'GENERAL_CLASSROOM', 16, 5, 7, 4, NULL),
(91, 0, 0, 'WEEKLY', 0, 16, 'WEEKLY', 1, 16, 'WEEKLY', 1, 'GENERAL_CLASSROOM', 32, 5, 11, 13, NULL),
(92, 0, 0, 'WEEKLY', 0, 16, 'WEEKLY', 1, 16, 'WEEKLY', 1, 'GENERAL_CLASSROOM', 32, 5, 6, 5, NULL),
(93, 0, 0, 'WEEKLY', 0, 16, 'WEEKLY', 1, 16, 'WEEKLY', 1, 'GENERAL_CLASSROOM', 32, 5, 8, 8, NULL),
(94, 0, 0, 'WEEKLY', 0, 16, 'WEEKLY', 1, 16, 'WEEKLY', 1, 'GENERAL_CLASSROOM', 32, 5, 14, 18, NULL),
(95, 0, 0, 'WEEKLY', 0, 16, 'WEEKLY', 1, 16, 'WEEKLY', 1, 'GENERAL_CLASSROOM', 32, 5, 12, 6, NULL),
(96, 0, 0, 'WEEKLY', 0, 8, 'WEEKLY', 1, 8, 'WEEKLY', 1, 'GENERAL_CLASSROOM', 16, 5, 13, 16, NULL),
(97, 0, 0, 'WEEKLY', 0, 16, 'WEEKLY', 1, 16, 'WEEKLY', 1, 'GENERAL_CLASSROOM', 32, 5, 10, 11, NULL),
(98, 0, 0, 'WEEKLY', 0, 16, 'WEEKLY', 1, 16, 'WEEKLY', 1, 'GENERAL_CLASSROOM', 32, 5, 5, 7, NULL),
(99, 0, 0, 'WEEKLY', 0, 16, 'WEEKLY', 1, 16, 'WEEKLY', 1, 'GENERAL_CLASSROOM', 32, 5, 3, 3, 19),
(113, 0, 0, 'WEEKLY', 0, 16, 'WEEKLY', 1, 16, 'WEEKLY', 1, 'GENERAL_CLASSROOM', 32, 6, 1, 1, NULL),
(114, 0, 0, 'WEEKLY', 0, 16, 'WEEKLY', 1, 16, 'WEEKLY', 1, 'GENERAL_CLASSROOM', 32, 6, 2, 1, NULL),
(115, 0, 0, 'WEEKLY', 0, 16, 'WEEKLY', 1, 16, 'WEEKLY', 1, 'GENERAL_CLASSROOM', 32, 6, 10, 11, NULL),
(116, 0, 0, 'WEEKLY', 0, 16, 'WEEKLY', 1, 16, 'WEEKLY', 1, 'GENERAL_CLASSROOM', 32, 6, 6, 5, NULL),
(117, 0, 0, 'WEEKLY', 0, 16, 'WEEKLY', 1, 16, 'WEEKLY', 1, 'GENERAL_CLASSROOM', 32, 6, 11, 12, NULL),
(118, 0, 0, 'WEEKLY', 0, 16, 'WEEKLY', 1, 16, 'WEEKLY', 1, 'GENERAL_CLASSROOM', 32, 6, 5, 7, NULL),
(119, 0, 0, 'WEEKLY', 0, 0, 'WEEKLY', 0, 32, 'WEEKLY', 1, 'GENERAL_CLASSROOM', 32, 6, 4, 10, NULL),
(120, 0, 0, 'WEEKLY', 0, 16, 'WEEKLY', 1, 16, 'WEEKLY', 1, 'GENERAL_CLASSROOM', 32, 6, 12, 6, NULL),
(121, 0, 0, 'WEEKLY', 0, 8, 'WEEKLY', 1, 8, 'WEEKLY', 1, 'GENERAL_CLASSROOM', 16, 6, 13, 16, NULL),
(122, 0, 0, 'WEEKLY', 0, 16, 'WEEKLY', 1, 16, 'WEEKLY', 1, 'GENERAL_CLASSROOM', 32, 6, 14, 18, NULL),
(123, 0, 0, 'WEEKLY', 0, 16, 'WEEKLY', 1, 16, 'WEEKLY', 1, 'GENERAL_CLASSROOM', 32, 6, 3, 2, NULL),
(124, 0, 0, 'WEEKLY', 0, 16, 'WEEKLY', 1, 16, 'WEEKLY', 1, 'GENERAL_CLASSROOM', 32, 6, 8, 8, NULL),
(125, 0, 0, 'WEEKLY', 0, 8, 'WEEKLY', 1, 8, 'WEEKLY', 1, 'GENERAL_CLASSROOM', 16, 6, 7, 4, NULL),
(189, 0, 0, 'WEEKLY', 0, 16, 'WEEKLY', 1, 16, 'WEEKLY', 1, 'GENERAL_CLASSROOM', 32, 9, 1, 17, NULL),
(190, 0, 0, 'WEEKLY', 0, 16, 'WEEKLY', 1, 16, 'WEEKLY', 1, 'GENERAL_CLASSROOM', 32, 9, 2, 17, NULL),
(191, 0, 0, 'WEEKLY', 0, 0, 'WEEKLY', 0, 32, 'WEEKLY', 1, 'GENERAL_CLASSROOM', 32, 9, 4, 15, NULL),
(192, 0, 0, 'WEEKLY', 0, 8, 'WEEKLY', 1, 8, 'WEEKLY', 1, 'GENERAL_CLASSROOM', 16, 9, 7, 4, NULL) ON CONFLICT (id) DO UPDATE SET executed_hours=EXCLUDED.executed_hours, lab_hours=EXCLUDED.lab_hours, lab_periodicity=EXCLUDED.lab_periodicity, lab_sessions_per_week=EXCLUDED.lab_sessions_per_week, lecture_hours=EXCLUDED.lecture_hours, lecture_periodicity=EXCLUDED.lecture_periodicity, lecture_sessions_per_week=EXCLUDED.lecture_sessions_per_week, practice_hours=EXCLUDED.practice_hours, practice_periodicity=EXCLUDED.practice_periodicity, practice_sessions_per_week=EXCLUDED.practice_sessions_per_week, required_room_type=EXCLUDED.required_room_type, total_hours=EXCLUDED.total_hours, group_id=EXCLUDED.group_id, subject_id=EXCLUDED.subject_id, teacher_id=EXCLUDED.teacher_id, second_teacher_id=EXCLUDED.second_teacher_id;
INSERT INTO course_plan (id, executed_hours, lab_hours, lab_periodicity, lab_sessions_per_week, lecture_hours, lecture_periodicity, lecture_sessions_per_week, practice_hours, practice_periodicity, practice_sessions_per_week, required_room_type, total_hours, group_id, subject_id, teacher_id, second_teacher_id) VALUES (193, 0, 0, 'WEEKLY', 0, 16, 'WEEKLY', 1, 16, 'WEEKLY', 1, 'GENERAL_CLASSROOM', 32, 9, 11, 13, NULL),
(194, 0, 0, 'WEEKLY', 0, 16, 'WEEKLY', 1, 16, 'WEEKLY', 1, 'GENERAL_CLASSROOM', 32, 9, 6, 5, NULL),
(195, 0, 0, 'WEEKLY', 0, 16, 'WEEKLY', 1, 16, 'WEEKLY', 1, 'GENERAL_CLASSROOM', 32, 9, 8, 8, NULL),
(196, 0, 0, 'WEEKLY', 0, 16, 'WEEKLY', 1, 16, 'WEEKLY', 1, 'GENERAL_CLASSROOM', 32, 9, 14, 18, NULL),
(197, 0, 0, 'WEEKLY', 0, 16, 'WEEKLY', 1, 16, 'WEEKLY', 1, 'GENERAL_CLASSROOM', 32, 9, 12, 6, NULL),
(198, 0, 0, 'WEEKLY', 0, 8, 'WEEKLY', 1, 8, 'WEEKLY', 1, 'GENERAL_CLASSROOM', 16, 9, 13, 16, NULL),
(199, 0, 0, 'WEEKLY', 0, 16, 'WEEKLY', 1, 16, 'WEEKLY', 1, 'GENERAL_CLASSROOM', 32, 9, 10, 11, NULL),
(200, 0, 0, 'WEEKLY', 0, 16, 'WEEKLY', 1, 16, 'WEEKLY', 1, 'GENERAL_CLASSROOM', 32, 9, 5, 7, NULL),
(201, 0, 0, 'WEEKLY', 0, 16, 'WEEKLY', 1, 16, 'WEEKLY', 1, 'GENERAL_CLASSROOM', 32, 9, 3, 2, 19) ON CONFLICT (id) DO UPDATE SET executed_hours=EXCLUDED.executed_hours, lab_hours=EXCLUDED.lab_hours, lab_periodicity=EXCLUDED.lab_periodicity, lab_sessions_per_week=EXCLUDED.lab_sessions_per_week, lecture_hours=EXCLUDED.lecture_hours, lecture_periodicity=EXCLUDED.lecture_periodicity, lecture_sessions_per_week=EXCLUDED.lecture_sessions_per_week, practice_hours=EXCLUDED.practice_hours, practice_periodicity=EXCLUDED.practice_periodicity, practice_sessions_per_week=EXCLUDED.practice_sessions_per_week, required_room_type=EXCLUDED.required_room_type, total_hours=EXCLUDED.total_hours, group_id=EXCLUDED.group_id, subject_id=EXCLUDED.subject_id, teacher_id=EXCLUDED.teacher_id, second_teacher_id=EXCLUDED.second_teacher_id;

-- TIMESLOT
INSERT INTO timeslot (id, day_of_week, end_time, lesson_number, start_time, week_parity) VALUES (1, 'MONDAY', TIME '10:00:00', 1, TIME '08:30:00', 'WEEKLY'),
(2, 'MONDAY', TIME '11:45:00', 2, TIME '10:15:00', 'WEEKLY'),
(3, 'MONDAY', TIME '13:45:00', 3, TIME '12:15:00', 'WEEKLY'),
(4, 'MONDAY', TIME '15:30:00', 4, TIME '14:00:00', 'WEEKLY'),
(5, 'TUESDAY', TIME '10:00:00', 1, TIME '08:30:00', 'WEEKLY'),
(6, 'TUESDAY', TIME '11:45:00', 2, TIME '10:15:00', 'WEEKLY'),
(7, 'TUESDAY', TIME '13:45:00', 3, TIME '12:15:00', 'WEEKLY'),
(8, 'TUESDAY', TIME '15:30:00', 4, TIME '14:00:00', 'WEEKLY'),
(9, 'WEDNESDAY', TIME '10:00:00', 1, TIME '08:30:00', 'WEEKLY'),
(10, 'WEDNESDAY', TIME '11:45:00', 2, TIME '10:15:00', 'WEEKLY'),
(11, 'WEDNESDAY', TIME '13:45:00', 3, TIME '12:15:00', 'WEEKLY'),
(12, 'WEDNESDAY', TIME '15:30:00', 4, TIME '14:00:00', 'WEEKLY'),
(13, 'THURSDAY', TIME '10:00:00', 1, TIME '08:30:00', 'WEEKLY'),
(14, 'THURSDAY', TIME '11:45:00', 2, TIME '10:15:00', 'WEEKLY'),
(15, 'THURSDAY', TIME '13:45:00', 3, TIME '12:15:00', 'WEEKLY'),
(16, 'THURSDAY', TIME '15:30:00', 4, TIME '14:00:00', 'WEEKLY'),
(17, 'FRIDAY', TIME '10:00:00', 1, TIME '08:30:00', 'WEEKLY'),
(18, 'FRIDAY', TIME '11:45:00', 2, TIME '10:15:00', 'WEEKLY'),
(19, 'FRIDAY', TIME '13:45:00', 3, TIME '12:15:00', 'WEEKLY'),
(20, 'FRIDAY', TIME '15:30:00', 4, TIME '14:00:00', 'WEEKLY') ON CONFLICT (id) DO UPDATE SET day_of_week=EXCLUDED.day_of_week, end_time=EXCLUDED.end_time, lesson_number=EXCLUDED.lesson_number, start_time=EXCLUDED.start_time, week_parity=EXCLUDED.week_parity;

-- TEACHER_COMPETENCE_MATRIX
INSERT INTO teacher_competence_matrix (id, lesson_type, priority, subject_id, teacher_id) VALUES (1, 'LECTURE', 'PRIMARY', 1, 1),
(2, 'LECTURE', 'PRIMARY', 2, 1),
(3, 'LECTURE', 'PRIMARY', 3, 2),
(4, 'LECTURE', 'PRIMARY', 3, 3),
(5, 'LECTURE', 'PRIMARY', 7, 4),
(6, 'LECTURE', 'PRIMARY', 6, 5),
(7, 'LECTURE', 'PRIMARY', 12, 6),
(8, 'LECTURE', 'PRIMARY', 5, 7),
(9, 'LECTURE', 'PRIMARY', 8, 8),
(10, 'LECTURE', 'PRIMARY', 1, 9),
(11, 'LECTURE', 'PRIMARY', 2, 9),
(12, 'LECTURE', 'PRIMARY', 4, 10),
(13, 'LECTURE', 'PRIMARY', 10, 11),
(14, 'LECTURE', 'PRIMARY', 11, 12),
(15, 'LECTURE', 'PRIMARY', 11, 13),
(16, 'LECTURE', 'PRIMARY', 11, 14),
(17, 'LECTURE', 'PRIMARY', 4, 15),
(18, 'LECTURE', 'PRIMARY', 13, 16),
(19, 'LECTURE', 'PRIMARY', 3, 19),
(22, 'LECTURE', 'PRIMARY', 9, 17),
(23, 'LECTURE', 'PRIMARY', 14, 18),
(27, 'LECTURE', 'PRIMARY', 1, 17),
(28, 'LECTURE', 'PRIMARY', 2, 17) ON CONFLICT (id) DO UPDATE SET lesson_type=EXCLUDED.lesson_type, priority=EXCLUDED.priority, subject_id=EXCLUDED.subject_id, teacher_id=EXCLUDED.teacher_id;

-- LESSON
INSERT INTO lesson (id, lesson_type, periodicity, subgroup, course_plan_id, group_id, room_id, subject_id, teacher_id, timeslot_id, split_group_index, schedule_profile_id, template_id) VALUES (15333, 'LECTURE', 'WEEKLY', 0, 19, 1, 12, 1, 1, 20, 1, NULL, NULL),
(15334, 'PRACTICE', 'WEEKLY', 0, 19, 1, 8, 1, 1, 6, 1, NULL, NULL),
(15335, 'LECTURE', 'WEEKLY', 0, 20, 1, 16, 2, 1, 2, 1, NULL, NULL),
(15336, 'PRACTICE', 'WEEKLY', 0, 20, 1, 12, 2, 1, 11, 1, NULL, NULL),
(15337, 'LECTURE', 'WEEKLY', 0, 23, 1, 7, 10, 11, 4, 1, NULL, NULL),
(15338, 'PRACTICE', 'WEEKLY', 0, 23, 1, 17, 10, 11, 12, 1, NULL, NULL),
(15339, 'LECTURE', 'WEEKLY', 0, 24, 1, 17, 6, 5, 15, 1, NULL, NULL),
(15340, 'PRACTICE', 'WEEKLY', 0, 24, 1, 17, 6, 5, 9, 1, NULL, NULL),
(15341, 'LECTURE', 'WEEKLY', 0, 25, 1, 10, 11, 12, 7, 1, NULL, NULL),
(15342, 'PRACTICE', 'WEEKLY', 0, 25, 1, 10, 11, 12, 10, 1, NULL, NULL),
(15343, 'LECTURE', 'WEEKLY', 0, 26, 1, 8, 5, 7, 9, 1, NULL, NULL),
(15344, 'PRACTICE', 'WEEKLY', 0, 26, 1, 8, 5, 7, 19, 1, NULL, NULL),
(15345, 'PRACTICE', 'WEEKLY', 0, 28, 1, 20, 4, 10, 5, 1, NULL, NULL),
(15346, 'LECTURE', 'WEEKLY', 0, 29, 1, 9, 12, 6, 3, 1, NULL, NULL),
(15347, 'PRACTICE', 'WEEKLY', 0, 29, 1, 9, 12, 6, 11, 1, NULL, NULL),
(15348, 'LECTURE', 'WEEKLY', 0, 31, 1, 10, 13, 16, 14, 1, NULL, NULL),
(15349, 'PRACTICE', 'WEEKLY', 0, 31, 1, 10, 13, 16, 16, 1, NULL, NULL),
(15350, 'LECTURE', 'WEEKLY', 0, 32, 1, 12, 14, 18, 18, 1, NULL, NULL),
(15351, 'PRACTICE', 'WEEKLY', 0, 32, 1, 9, 14, 18, 16, 1, NULL, NULL),
(15352, 'LECTURE', 'WEEKLY', 0, 33, 1, 6, 3, 2, 8, 1, NULL, NULL),
(15353, 'PRACTICE', 'WEEKLY', 0, 33, 1, 6, 3, 2, 15, 1, NULL, NULL),
(15354, 'LECTURE', 'WEEKLY', 0, 34, 2, 9, 1, 17, 8, 1, NULL, NULL),
(15355, 'PRACTICE', 'WEEKLY', 0, 34, 2, 9, 1, 17, 17, 1, NULL, NULL),
(15356, 'LECTURE', 'WEEKLY', 0, 35, 2, 9, 2, 17, 12, 1, NULL, NULL),
(15357, 'PRACTICE', 'WEEKLY', 0, 35, 2, 9, 2, 17, 18, 1, NULL, NULL),
(15358, 'PRACTICE', 'WEEKLY', 0, 36, 2, 20, 4, 15, 11, 1, NULL, NULL),
(15359, 'LECTURE', 'WEEKLY', 0, 37, 2, 5, 7, 4, 9, 1, NULL, NULL),
(15360, 'PRACTICE', 'WEEKLY', 0, 37, 2, 5, 7, 4, 2, 1, NULL, NULL),
(15361, 'LECTURE', 'WEEKLY', 0, 40, 2, 11, 11, 13, 3, 1, NULL, NULL),
(15362, 'PRACTICE', 'WEEKLY', 0, 40, 2, 11, 11, 13, 16, 1, NULL, NULL),
(15363, 'LECTURE', 'WEEKLY', 0, 46, 2, 17, 6, 5, 14, 1, NULL, NULL),
(15364, 'PRACTICE', 'WEEKLY', 0, 46, 2, 17, 6, 5, 10, 1, NULL, NULL),
(15365, 'LECTURE', 'WEEKLY', 0, 47, 2, 4, 8, 8, 11, 1, NULL, NULL),
(15366, 'PRACTICE', 'WEEKLY', 0, 47, 2, 4, 8, 8, 20, 1, NULL, NULL),
(15367, 'LECTURE', 'WEEKLY', 0, 48, 2, 10, 14, 18, 9, 1, NULL, NULL),
(15368, 'PRACTICE', 'WEEKLY', 0, 48, 2, 17, 14, 18, 19, 1, NULL, NULL),
(15369, 'LECTURE', 'WEEKLY', 0, 49, 2, 12, 12, 6, 1, 1, NULL, NULL),
(15370, 'PRACTICE', 'WEEKLY', 0, 49, 2, 6, 12, 6, 7, 1, NULL, NULL),
(15371, 'LECTURE', 'WEEKLY', 0, 50, 1, 4, 8, 8, 13, 1, NULL, NULL),
(15372, 'PRACTICE', 'WEEKLY', 0, 50, 1, 4, 8, 8, 17, 1, NULL, NULL),
(15373, 'LECTURE', 'WEEKLY', 0, 51, 2, 12, 13, 16, 19, 1, NULL, NULL),
(15374, 'PRACTICE', 'WEEKLY', 0, 51, 2, 5, 13, 16, 6, 1, NULL, NULL),
(15375, 'LECTURE', 'WEEKLY', 0, 52, 2, 12, 10, 11, 15, 1, NULL, NULL),
(15376, 'PRACTICE', 'WEEKLY', 0, 52, 2, 9, 10, 11, 5, 1, NULL, NULL),
(15377, 'LECTURE', 'WEEKLY', 0, 54, 1, 5, 7, 4, 1, 1, NULL, NULL),
(15378, 'PRACTICE', 'WEEKLY', 0, 54, 1, 6, 7, 4, 14, 1, NULL, NULL),
(15379, 'LECTURE', 'WEEKLY', 0, 56, 2, 8, 5, 7, 18, 1, NULL, NULL),
(15380, 'PRACTICE', 'WEEKLY', 0, 56, 2, 8, 5, 7, 16, 1, NULL, NULL),
(15381, 'LECTURE', 'WEEKLY', 1, 58, 2, 5, 3, 3, 13, 1, NULL, NULL),
(15382, 'LECTURE', 'WEEKLY', 2, 58, 2, 6, 3, 19, 13, 1, NULL, NULL),
(15383, 'PRACTICE', 'WEEKLY', 1, 58, 2, 10, 3, 3, 4, 1, NULL, NULL),
(15384, 'PRACTICE', 'WEEKLY', 2, 58, 2, 5, 3, 19, 4, 1, NULL, NULL),
(15385, 'LECTURE', 'WEEKLY', 0, 61, 3, 9, 1, 17, 2, 1, NULL, NULL),
(15386, 'PRACTICE', 'WEEKLY', 0, 61, 3, 9, 1, 17, 9, 1, NULL, NULL),
(15387, 'LECTURE', 'WEEKLY', 0, 62, 3, 9, 2, 17, 7, 1, NULL, NULL),
(15388, 'PRACTICE', 'WEEKLY', 0, 62, 3, 5, 2, 17, 5, 1, NULL, NULL),
(15389, 'PRACTICE', 'WEEKLY', 0, 63, 3, 20, 4, 15, 12, 1, NULL, NULL),
(15390, 'LECTURE', 'WEEKLY', 0, 64, 3, 5, 7, 4, 16, 1, NULL, NULL),
(15391, 'PRACTICE', 'WEEKLY', 0, 64, 3, 5, 7, 4, 19, 1, NULL, NULL) ON CONFLICT (id) DO UPDATE SET lesson_type=EXCLUDED.lesson_type, periodicity=EXCLUDED.periodicity, subgroup=EXCLUDED.subgroup, course_plan_id=EXCLUDED.course_plan_id, group_id=EXCLUDED.group_id, room_id=EXCLUDED.room_id, subject_id=EXCLUDED.subject_id, teacher_id=EXCLUDED.teacher_id, timeslot_id=EXCLUDED.timeslot_id, split_group_index=EXCLUDED.split_group_index, schedule_profile_id=EXCLUDED.schedule_profile_id, template_id=EXCLUDED.template_id;
INSERT INTO lesson (id, lesson_type, periodicity, subgroup, course_plan_id, group_id, room_id, subject_id, teacher_id, timeslot_id, split_group_index, schedule_profile_id, template_id) VALUES (15392, 'LECTURE', 'WEEKLY', 0, 65, 3, 11, 11, 13, 13, 1, NULL, NULL),
(15393, 'PRACTICE', 'WEEKLY', 0, 65, 3, 11, 11, 13, 1, 1, NULL, NULL),
(15394, 'LECTURE', 'WEEKLY', 0, 66, 3, 17, 6, 5, 18, 1, NULL, NULL),
(15395, 'PRACTICE', 'WEEKLY', 0, 66, 3, 17, 6, 5, 2, 1, NULL, NULL),
(15396, 'LECTURE', 'WEEKLY', 0, 67, 3, 4, 8, 8, 10, 1, NULL, NULL),
(15397, 'PRACTICE', 'WEEKLY', 0, 67, 3, 4, 8, 8, 16, 1, NULL, NULL),
(15398, 'LECTURE', 'WEEKLY', 0, 68, 3, 12, 14, 18, 3, 1, NULL, NULL),
(15399, 'PRACTICE', 'WEEKLY', 0, 68, 3, 17, 14, 18, 8, 1, NULL, NULL),
(15400, 'LECTURE', 'WEEKLY', 0, 69, 3, 18, 12, 6, 6, 1, NULL, NULL),
(15401, 'PRACTICE', 'WEEKLY', 0, 69, 3, 18, 12, 6, 15, 1, NULL, NULL),
(15402, 'LECTURE', 'WEEKLY', 0, 70, 3, 8, 13, 16, 11, 1, NULL, NULL),
(15403, 'PRACTICE', 'WEEKLY', 0, 70, 3, 10, 13, 16, 13, 1, NULL, NULL),
(15404, 'LECTURE', 'WEEKLY', 0, 71, 3, 10, 10, 11, 19, 1, NULL, NULL),
(15405, 'PRACTICE', 'WEEKLY', 0, 71, 3, 17, 10, 11, 3, 1, NULL, NULL),
(15406, 'LECTURE', 'WEEKLY', 0, 72, 3, 8, 5, 7, 17, 1, NULL, NULL),
(15407, 'PRACTICE', 'WEEKLY', 0, 72, 3, 8, 5, 7, 4, 1, NULL, NULL),
(15408, 'LECTURE', 'WEEKLY', 1, 73, 3, 6, 3, 3, 20, 1, NULL, NULL),
(15409, 'LECTURE', 'WEEKLY', 2, 73, 3, 11, 3, 19, 20, 1, NULL, NULL),
(15410, 'PRACTICE', 'WEEKLY', 1, 73, 3, 5, 3, 3, 14, 1, NULL, NULL),
(15411, 'PRACTICE', 'WEEKLY', 2, 73, 3, 8, 3, 19, 14, 1, NULL, NULL),
(15412, 'LECTURE', 'WEEKLY', 0, 74, 4, 13, 1, 17, 16, 1, NULL, NULL),
(15413, 'PRACTICE', 'WEEKLY', 0, 74, 4, 5, 1, 17, 11, 1, NULL, NULL),
(15414, 'LECTURE', 'WEEKLY', 0, 75, 4, 9, 2, 17, 4, 1, NULL, NULL),
(15415, 'PRACTICE', 'WEEKLY', 0, 75, 4, 9, 2, 17, 10, 1, NULL, NULL),
(15416, 'PRACTICE', 'WEEKLY', 0, 76, 4, 20, 4, 15, 2, 1, NULL, NULL),
(15417, 'LECTURE', 'WEEKLY', 0, 77, 4, 10, 7, 4, 6, 1, NULL, NULL),
(15418, 'PRACTICE', 'WEEKLY', 0, 77, 4, 5, 7, 4, 7, 1, NULL, NULL),
(15419, 'LECTURE', 'WEEKLY', 0, 78, 4, 11, 11, 13, 19, 1, NULL, NULL),
(15420, 'PRACTICE', 'WEEKLY', 0, 78, 4, 11, 11, 13, 8, 1, NULL, NULL),
(15421, 'LECTURE', 'WEEKLY', 0, 79, 4, 17, 6, 5, 7, 1, NULL, NULL),
(15422, 'PRACTICE', 'WEEKLY', 0, 79, 4, 17, 6, 5, 17, 1, NULL, NULL),
(15423, 'LECTURE', 'WEEKLY', 0, 80, 4, 4, 8, 8, 15, 1, NULL, NULL),
(15424, 'PRACTICE', 'WEEKLY', 0, 80, 4, 4, 8, 8, 18, 1, NULL, NULL),
(15425, 'LECTURE', 'WEEKLY', 0, 81, 4, 12, 14, 18, 6, 1, NULL, NULL),
(15426, 'PRACTICE', 'WEEKLY', 0, 81, 4, 9, 14, 18, 14, 1, NULL, NULL),
(15427, 'LECTURE', 'WEEKLY', 0, 82, 4, 14, 12, 6, 13, 1, NULL, NULL),
(15428, 'PRACTICE', 'WEEKLY', 0, 82, 4, 3, 12, 6, 2, 1, NULL, NULL),
(15429, 'LECTURE', 'WEEKLY', 0, 83, 4, 6, 13, 16, 4, 1, NULL, NULL),
(15430, 'PRACTICE', 'WEEKLY', 0, 83, 4, 5, 13, 16, 12, 1, NULL, NULL),
(15431, 'LECTURE', 'WEEKLY', 0, 84, 4, 12, 10, 11, 9, 1, NULL, NULL),
(15432, 'PRACTICE', 'WEEKLY', 0, 84, 4, 8, 10, 11, 20, 1, NULL, NULL),
(15433, 'LECTURE', 'WEEKLY', 0, 85, 4, 8, 5, 7, 8, 1, NULL, NULL),
(15434, 'PRACTICE', 'WEEKLY', 0, 85, 4, 8, 5, 7, 1, 1, NULL, NULL),
(15435, 'LECTURE', 'WEEKLY', 1, 86, 4, 8, 3, 3, 3, 1, NULL, NULL),
(15436, 'LECTURE', 'WEEKLY', 2, 86, 4, 6, 3, 19, 3, 1, NULL, NULL),
(15437, 'PRACTICE', 'WEEKLY', 1, 86, 4, 12, 3, 3, 5, 1, NULL, NULL),
(15438, 'PRACTICE', 'WEEKLY', 2, 86, 4, 8, 3, 19, 5, 1, NULL, NULL),
(15439, 'LECTURE', 'WEEKLY', 0, 87, 5, 9, 1, 17, 15, 1, NULL, NULL),
(15440, 'PRACTICE', 'WEEKLY', 0, 87, 5, 15, 1, 17, 3, 1, NULL, NULL),
(15441, 'LECTURE', 'WEEKLY', 0, 88, 5, 9, 2, 17, 20, 1, NULL, NULL),
(15442, 'PRACTICE', 'WEEKLY', 0, 88, 5, 13, 2, 17, 14, 1, NULL, NULL),
(15443, 'PRACTICE', 'WEEKLY', 0, 89, 5, 20, 4, 15, 19, 1, NULL, NULL),
(15444, 'LECTURE', 'WEEKLY', 0, 90, 5, 5, 7, 4, 8, 1, NULL, NULL),
(15445, 'PRACTICE', 'WEEKLY', 0, 90, 5, 5, 7, 4, 20, 1, NULL, NULL),
(15446, 'LECTURE', 'WEEKLY', 0, 91, 5, 11, 11, 13, 11, 1, NULL, NULL),
(15447, 'PRACTICE', 'WEEKLY', 0, 91, 5, 11, 11, 13, 9, 1, NULL, NULL),
(15448, 'LECTURE', 'WEEKLY', 0, 92, 5, 17, 6, 5, 6, 1, NULL, NULL),
(15449, 'PRACTICE', 'WEEKLY', 0, 92, 5, 17, 6, 5, 13, 1, NULL, NULL),
(15450, 'LECTURE', 'WEEKLY', 0, 93, 5, 4, 8, 8, 3, 1, NULL, NULL) ON CONFLICT (id) DO UPDATE SET lesson_type=EXCLUDED.lesson_type, periodicity=EXCLUDED.periodicity, subgroup=EXCLUDED.subgroup, course_plan_id=EXCLUDED.course_plan_id, group_id=EXCLUDED.group_id, room_id=EXCLUDED.room_id, subject_id=EXCLUDED.subject_id, teacher_id=EXCLUDED.teacher_id, timeslot_id=EXCLUDED.timeslot_id, split_group_index=EXCLUDED.split_group_index, schedule_profile_id=EXCLUDED.schedule_profile_id, template_id=EXCLUDED.template_id;
INSERT INTO lesson (id, lesson_type, periodicity, subgroup, course_plan_id, group_id, room_id, subject_id, teacher_id, timeslot_id, split_group_index, schedule_profile_id, template_id) VALUES (15451, 'PRACTICE', 'WEEKLY', 0, 93, 5, 4, 8, 8, 7, 1, NULL, NULL),
(15452, 'LECTURE', 'WEEKLY', 0, 94, 5, 15, 14, 18, 2, 1, NULL, NULL),
(15453, 'PRACTICE', 'WEEKLY', 0, 94, 5, 12, 14, 18, 4, 1, NULL, NULL),
(15454, 'LECTURE', 'WEEKLY', 0, 95, 5, 10, 12, 6, 17, 1, NULL, NULL),
(15455, 'PRACTICE', 'WEEKLY', 0, 95, 5, 6, 12, 6, 5, 1, NULL, NULL),
(15456, 'LECTURE', 'WEEKLY', 0, 96, 5, 12, 13, 16, 17, 1, NULL, NULL),
(15457, 'PRACTICE', 'WEEKLY', 0, 96, 5, 6, 13, 16, 1, 1, NULL, NULL),
(15458, 'LECTURE', 'WEEKLY', 0, 97, 5, 10, 10, 11, 18, 1, NULL, NULL),
(15459, 'PRACTICE', 'WEEKLY', 0, 97, 5, 17, 10, 11, 1, 1, NULL, NULL),
(15460, 'LECTURE', 'WEEKLY', 0, 98, 5, 10, 5, 7, 2, 1, NULL, NULL),
(15461, 'PRACTICE', 'WEEKLY', 0, 98, 5, 8, 5, 7, 12, 1, NULL, NULL),
(15462, 'LECTURE', 'WEEKLY', 1, 99, 5, 2, 3, 3, 10, 1, NULL, NULL),
(15463, 'LECTURE', 'WEEKLY', 2, 99, 5, 12, 3, 19, 10, 1, NULL, NULL),
(15464, 'PRACTICE', 'WEEKLY', 1, 99, 5, 6, 3, 3, 16, 1, NULL, NULL),
(15465, 'PRACTICE', 'WEEKLY', 2, 99, 5, 1, 3, 19, 16, 1, NULL, NULL),
(15466, 'LECTURE', 'WEEKLY', 0, 113, 6, 12, 1, 1, 13, 1, NULL, NULL),
(15467, 'PRACTICE', 'WEEKLY', 0, 113, 6, 12, 1, 1, 12, 1, NULL, NULL),
(15468, 'LECTURE', 'WEEKLY', 0, 114, 6, 16, 2, 1, 1, 1, NULL, NULL),
(15469, 'PRACTICE', 'WEEKLY', 0, 114, 6, 12, 2, 1, 8, 1, NULL, NULL),
(15470, 'LECTURE', 'WEEKLY', 0, 115, 6, 12, 10, 11, 16, 1, NULL, NULL),
(15471, 'PRACTICE', 'WEEKLY', 0, 115, 6, 6, 10, 11, 11, 1, NULL, NULL),
(15472, 'LECTURE', 'WEEKLY', 0, 116, 6, 17, 6, 5, 11, 1, NULL, NULL),
(15473, 'PRACTICE', 'WEEKLY', 0, 116, 6, 17, 6, 5, 4, 1, NULL, NULL),
(15474, 'LECTURE', 'WEEKLY', 0, 117, 6, 10, 11, 12, 12, 1, NULL, NULL),
(15475, 'PRACTICE', 'WEEKLY', 0, 117, 6, 10, 11, 12, 20, 1, NULL, NULL),
(15476, 'LECTURE', 'WEEKLY', 0, 118, 6, 8, 5, 7, 7, 1, NULL, NULL),
(15477, 'PRACTICE', 'WEEKLY', 0, 118, 6, 8, 5, 7, 10, 1, NULL, NULL),
(15478, 'PRACTICE', 'WEEKLY', 0, 119, 6, 20, 4, 10, 9, 1, NULL, NULL),
(15479, 'LECTURE', 'WEEKLY', 0, 120, 6, 6, 12, 6, 19, 1, NULL, NULL),
(15480, 'PRACTICE', 'WEEKLY', 0, 120, 6, 6, 12, 6, 10, 1, NULL, NULL),
(15481, 'LECTURE', 'WEEKLY', 0, 121, 6, 8, 13, 16, 2, 1, NULL, NULL),
(15482, 'PRACTICE', 'WEEKLY', 0, 121, 6, 5, 13, 16, 18, 1, NULL, NULL),
(15483, 'LECTURE', 'WEEKLY', 0, 122, 6, 11, 14, 18, 5, 1, NULL, NULL),
(15484, 'PRACTICE', 'WEEKLY', 0, 122, 6, 11, 14, 18, 17, 1, NULL, NULL),
(15485, 'LECTURE', 'WEEKLY', 0, 123, 6, 6, 3, 2, 17, 1, NULL, NULL),
(15486, 'PRACTICE', 'WEEKLY', 0, 123, 6, 6, 3, 2, 6, 1, NULL, NULL),
(15487, 'LECTURE', 'WEEKLY', 0, 124, 6, 4, 8, 8, 14, 1, NULL, NULL),
(15488, 'PRACTICE', 'WEEKLY', 0, 124, 6, 4, 8, 8, 9, 1, NULL, NULL),
(15489, 'LECTURE', 'WEEKLY', 0, 125, 6, 5, 7, 4, 3, 1, NULL, NULL),
(15490, 'PRACTICE', 'WEEKLY', 0, 125, 6, 5, 7, 4, 15, 1, NULL, NULL),
(15491, 'LECTURE', 'WEEKLY', 0, 189, 9, 9, 1, 17, 1, 1, NULL, NULL),
(15492, 'PRACTICE', 'WEEKLY', 0, 189, 9, NULL, 1, 17, NULL, 1, NULL, NULL),
(15493, 'LECTURE', 'WEEKLY', 0, 190, 9, 9, 2, 17, 19, 1, NULL, NULL),
(15494, 'PRACTICE', 'WEEKLY', 0, 190, 9, 9, 2, 17, 6, 1, NULL, NULL),
(15495, 'PRACTICE', 'WEEKLY', 0, 191, 9, 20, 4, 15, 20, 1, NULL, NULL),
(15496, 'LECTURE', 'WEEKLY', 0, 192, 9, 5, 7, 4, 10, 1, NULL, NULL),
(15497, 'PRACTICE', 'WEEKLY', 0, 192, 9, 5, 7, 4, 17, 1, NULL, NULL),
(15498, 'LECTURE', 'WEEKLY', 0, 193, 9, 11, 11, 13, 15, 1, NULL, NULL),
(15499, 'PRACTICE', 'WEEKLY', 0, 193, 9, 11, 11, 13, 4, 1, NULL, NULL),
(15500, 'LECTURE', 'WEEKLY', 0, 194, 9, 17, 6, 5, 16, 1, NULL, NULL),
(15501, 'PRACTICE', 'WEEKLY', 0, 194, 9, 17, 6, 5, 5, 1, NULL, NULL),
(15502, 'LECTURE', 'WEEKLY', 0, 195, 9, 4, 8, 8, 4, 1, NULL, NULL),
(15503, 'PRACTICE', 'WEEKLY', 0, 195, 9, 4, 8, 8, 1, 1, NULL, NULL),
(15504, 'LECTURE', 'WEEKLY', 0, 196, 9, 9, 14, 18, 13, 1, NULL, NULL),
(15505, 'PRACTICE', 'WEEKLY', 0, 196, 9, 10, 14, 18, 11, 1, NULL, NULL),
(15506, 'LECTURE', 'WEEKLY', 0, 197, 9, 6, 12, 6, 12, 1, NULL, NULL),
(15507, 'PRACTICE', 'WEEKLY', 0, 197, 9, 6, 12, 6, 9, 1, NULL, NULL),
(15508, 'LECTURE', 'WEEKLY', 0, 198, 9, 7, 13, 16, 3, 1, NULL, NULL) ON CONFLICT (id) DO UPDATE SET lesson_type=EXCLUDED.lesson_type, periodicity=EXCLUDED.periodicity, subgroup=EXCLUDED.subgroup, course_plan_id=EXCLUDED.course_plan_id, group_id=EXCLUDED.group_id, room_id=EXCLUDED.room_id, subject_id=EXCLUDED.subject_id, teacher_id=EXCLUDED.teacher_id, timeslot_id=EXCLUDED.timeslot_id, split_group_index=EXCLUDED.split_group_index, schedule_profile_id=EXCLUDED.schedule_profile_id, template_id=EXCLUDED.template_id;
INSERT INTO lesson (id, lesson_type, periodicity, subgroup, course_plan_id, group_id, room_id, subject_id, teacher_id, timeslot_id, split_group_index, schedule_profile_id, template_id) VALUES (15509, 'PRACTICE', 'WEEKLY', 0, 198, 9, 14, 13, 16, 7, 1, NULL, NULL),
(15510, 'LECTURE', 'WEEKLY', 0, 199, 9, 3, 10, 11, 8, 1, NULL, NULL),
(15511, 'PRACTICE', 'WEEKLY', 0, 199, 9, 12, 10, 11, 14, 1, NULL, NULL),
(15512, 'LECTURE', 'WEEKLY', 0, 200, 9, 8, 5, 7, 15, 1, NULL, NULL),
(15513, 'PRACTICE', 'WEEKLY', 0, 200, 9, 8, 5, 7, 13, 1, NULL, NULL),
(15514, 'LECTURE', 'WEEKLY', 1, 201, 9, 6, 3, 2, 18, 1, NULL, NULL),
(15515, 'LECTURE', 'WEEKLY', 2, 201, 9, 11, 3, 19, 18, 1, NULL, NULL),
(15516, 'PRACTICE', 'WEEKLY', 1, 201, 9, 6, 3, 2, 2, 1, NULL, NULL),
(15517, 'PRACTICE', 'WEEKLY', 2, 201, 9, 12, 3, 19, 2, 1, NULL, NULL) ON CONFLICT (id) DO UPDATE SET lesson_type=EXCLUDED.lesson_type, periodicity=EXCLUDED.periodicity, subgroup=EXCLUDED.subgroup, course_plan_id=EXCLUDED.course_plan_id, group_id=EXCLUDED.group_id, room_id=EXCLUDED.room_id, subject_id=EXCLUDED.subject_id, teacher_id=EXCLUDED.teacher_id, timeslot_id=EXCLUDED.timeslot_id, split_group_index=EXCLUDED.split_group_index, schedule_profile_id=EXCLUDED.schedule_profile_id, template_id=EXCLUDED.template_id;

-- SCHEDULE_TEMPLATE
INSERT INTO schedule_template (id, name, created_at, published) VALUES (1, 'Шаблон За замовченням', NULL, FALSE) ON CONFLICT (id) DO UPDATE SET name=EXCLUDED.name, created_at=EXCLUDED.created_at, published=EXCLUDED.published;

-- SCHEDULE_PROFILE
INSERT INTO schedule_profile (id, academic_year, created_at, default_template, description, display_order, kind, name, status, updated_at, copied_from_id) VALUES (1, NULL, TIMESTAMP WITH TIME ZONE '2026-04-30 14:12:01.122218+00', TRUE, NULL, 0, 'TEMPLATE', 'Default template', 'DRAFT', TIMESTAMP WITH TIME ZONE '2026-04-30 14:12:01.122218+00', NULL),
(2, NULL, TIMESTAMP WITH TIME ZONE '2026-04-30 15:29:42.492627+00', FALSE, NULL, 0, 'SCHEDULE', 'розклад 2026', 'ARCHIVED', TIMESTAMP WITH TIME ZONE '2026-04-30 15:36:20.937901+00', 1) ON CONFLICT (id) DO UPDATE SET academic_year=EXCLUDED.academic_year, created_at=EXCLUDED.created_at, default_template=EXCLUDED.default_template, description=EXCLUDED.description, display_order=EXCLUDED.display_order, kind=EXCLUDED.kind, name=EXCLUDED.name, status=EXCLUDED.status, updated_at=EXCLUDED.updated_at, copied_from_id=EXCLUDED.copied_from_id;

-- Remove optional demo groups from the built-in template
DELETE FROM lesson WHERE group_id IN (SELECT id FROM student_group WHERE name IN ('КН-21', 'Ф-11'));
DELETE FROM course_plan WHERE group_id IN (SELECT id FROM student_group WHERE name IN ('КН-21', 'Ф-11'));
DELETE FROM student_group WHERE name IN ('КН-21', 'Ф-11');

-- Built-in template is imported as active working data only.

-- Update sequences
SELECT setval(pg_get_serial_sequence('subject', 'id'), coalesce(max(id), 0) + 1, false) FROM subject;
SELECT setval(pg_get_serial_sequence('room', 'id'), coalesce(max(id), 0) + 1, false) FROM room;
SELECT setval(pg_get_serial_sequence('teacher', 'id'), coalesce(max(id), 0) + 1, false) FROM teacher;
SELECT setval(pg_get_serial_sequence('student_group', 'id'), coalesce(max(id), 0) + 1, false) FROM student_group;
SELECT setval(pg_get_serial_sequence('course_plan', 'id'), coalesce(max(id), 0) + 1, false) FROM course_plan;
SELECT setval(pg_get_serial_sequence('timeslot', 'id'), coalesce(max(id), 0) + 1, false) FROM timeslot;
SELECT setval(pg_get_serial_sequence('teacher_competence_matrix', 'id'), coalesce(max(id), 0) + 1, false) FROM teacher_competence_matrix;
SELECT setval(pg_get_serial_sequence('lesson', 'id'), coalesce(max(id), 0) + 1, false) FROM lesson;
SELECT setval(pg_get_serial_sequence('schedule_template', 'id'), coalesce(max(id), 0) + 1, false) FROM schedule_template;
SELECT setval(pg_get_serial_sequence('schedule_profile', 'id'), coalesce(max(id), 0) + 1, false) FROM schedule_profile;
SELECT setval(pg_get_serial_sequence('saved_schedule', 'id'), coalesce(max(id), 0) + 1, false) FROM saved_schedule;
SELECT setval(pg_get_serial_sequence('saved_schedule_lesson', 'id'), coalesce(max(id), 0) + 1, false) FROM saved_schedule_lesson;
